param,estimate,.lower,.upper,.width,.point,.interval,meas_pair_id,meas_pair_lbl,x,y,n_cor,n_wcor,pooled_est_lbl,cred_int_lbl,k_lbl,lbl_color,x_new,y_new,rel_a,rel_b,mean_rel,estimate_corr,.lower_corr,.upper_corr
b_meas_pair_id1,0.20372497455740507,0.16596646863736775,0.2405492377230277,0.95,mean,hdci,1,Behaviour_Behaviour,**Behaviour**,**Behaviour**,3448,262,0.81,"<br>[0.66, 0.96]<br>",*k: 262*,grey90,Behaviour,Behaviour,0.25014266229537707,0.25014266229537707,0.25014266229537707,0.8144351414827415,0.6634872560898422,0.9616481871412197
b_meas_pair_id2,0.01722335216318232,7.023978862986987e-4,0.034252495197767435,0.95,mean,hdci,2,Frequency_Behaviour,**Frequency**,**Behaviour**,1894,247,0.04,"<br>[0.00, 0.09]<br>",*k: 247*,black,Frequency,Behaviour,0.598362802150279,0.25014266229537707,0.42425273222282806,0.0445186005832064,0.0018155450027587746,0.08853521302010331
b_meas_pair_id3,0.2086172028554653,0.1862957765865788,0.23040203646024918,0.95,mean,hdci,3,Frequency_Frequency,**Frequency**,**Frequency**,35854,1085,0.35,"<br>[0.31, 0.39]<br>",*k: 1'085*,black,Frequency,Frequency,0.598362802150279,0.598362802150279,0.598362802150279,0.34864667741005567,0.3113425097902235,0.38505407694508326
b_meas_pair_id4,0.14549877351677926,0.1288005760570809,0.16322481466851452,0.95,mean,hdci,4,Propensity_Behaviour,**Propensity**,**Behaviour**,3577,567,0.37,"<br>[0.33, 0.42]<br>",*k: 567*,black,Propensity,Behaviour,0.6113581783127837,0.25014266229537707,0.4307504203040804,0.37206394400764814,0.3293639469251477,0.41739230398723187
b_meas_pair_id5,0.055801020389860595,0.039692235515225625,0.07107953077422732,0.95,mean,hdci,5,Propensity_Frequency,**Propensity**,**Frequency**,9911,1559,0.09,"<br>[0.07, 0.12]<br>",*k: 1'559*,black,Propensity,Frequency,0.6113581783127837,0.598362802150279,0.6048604902315313,0.09225968847297662,0.06562591970264657,0.11752070697307819
b_meas_pair_id6,0.4114720050691867,0.3946542366976799,0.4271848167927766,0.95,mean,hdci,6,Propensity_Propensity,**Propensity**,**Propensity**,10748,1429,0.67,"<br>[0.65, 0.70]<br>",*k: 1'429*,black,Propensity,Propensity,0.6113581783127837,0.6113581783127837,0.6113581783127837,0.6730457196217778,0.6455368566211712,0.6987472024529291
