x,measure_category,m,.point,.interval,.lower_0.5,.lower_0.8,.lower_0.95,.upper_0.5,.upper_0.8,.upper_0.95,x_lbl,categ_lbl
age_group,Omnibus,0.0025856566456513744,mean,qi,0.0024399822061679137,0.002347876254640649,0.0022424420730233472,0.002725776023611959,0.002868323844575708,0.003031770436014135,Age,Respondent
domain_name_pair_same,Omnibus,0.11203568070239901,mean,qi,0.11050287391740715,0.10949577396347207,0.10819163507258132,0.11358024230807631,0.11483933992302615,0.11536607399399398,Same Domain,Measure
gender_group,Omnibus,4.3257675897511583e-4,mean,qi,3.2472299727362354e-4,2.59374326894542e-4,2.1100651450165267e-4,5.219141089412418e-4,6.617427849478399e-4,7.256327633790349e-4,Gender,Respondent
mean_rel,Omnibus,8.903715425302407e-4,mean,qi,8.314604617329503e-4,7.956696348276998e-4,7.64809448673783e-4,9.386802879802752e-4,9.713392649027613e-4,0.001030931918791199,Reliability,Measure
measure_category_pair_same,Omnibus,0.0752985397496138,mean,qi,0.07452184558278016,0.07351458298160901,0.07317349254269864,0.07608606455688532,0.0767251230254057,0.07781927017340524,Same Category,Measure
panel,Omnibus,0.07858472116974703,mean,qi,0.077221586601058545,0.07630485057679222,0.07511495446019006,0.07979217545417824,0.08114374854907946,0.082199367765213055,Panel,Panel
sample_size,Omnibus,0.002050810868624933,mean,qi,0.0019104511598200906,0.0018384190731168403,0.0016345279201196656,0.002207707152085513,0.0022952539250090218,0.0023938346912636002,n,Respondent
scale_type_pair_same,Omnibus,0.004438970132390037,mean,qi,0.004290558423641556,0.004155943794197737,0.00409690891188393,0.004578243843372629,0.004754768783693039,0.004843788034181401,Same Scale Type,Measure
